{
    "nhru": 10,
    "nsegment": 5,
    "nssr": 10,
    "ngw": 10,
    "npoigages": 2,
    "nobs": 2,
    "ndeplval": 22,
    "ndepl": 2,
    "nmonth": 12,
    "scalar": 1,
    "ndoy": 366,
    "doy": [
        1,
        2,
        3,
        4,
        5,
        6,
        7,
        8,
        9,
        10,
        11,
        12,
        13,
        14,
        15,
        16,
        17,
        18,
        19,
        20,
        21,
        22,
        23,
        24,
        25,
        26,
        27,
        28,
        29,
        30,
        31,
        32,
        33,
        34,
        35,
        36,
        37,
        38,
        39,
        40,
        41,
        42,
        43,
        44,
        45,
        46,
        47,
        48,
        49,
        50,
        51,
        52,
        53,
        54,
        55,
        56,
        57,
        58,
        59,
        60,
        61,
        62,
        63,
        64,
        65,
        66,
        67,
        68,
        69,
        70,
        71,
        72,
        73,
        74,
        75,
        76,
        77,
        78,
        79,
        80,
        81,
        82,
        83,
        84,
        85,
        86,
        87,
        88,
        89,
        90,
        91,
        92,
        93,
        94,
        95,
        96,
        97,
        98,
        99,
        100,
        101,
        102,
        103,
        104,
        105,
        106,
        107,
        108,
        109,
        110,
        111,
        112,
        113,
        114,
        115,
        116,
        117,
        118,
        119,
        120,
        121,
        122,
        123,
        124,
        125,
        126,
        127,
        128,
        129,
        130,
        131,
        132,
        133,
        134,
        135,
        136,
        137,
        138,
        139,
        140,
        141,
        142,
        143,
        144,
        145,
        146,
        147,
        148,
        149,
        150,
        151,
        152,
        153,
        154,
        155,
        156,
        157,
        158,
        159,
        160,
        161,
        162,
        163,
        164,
        165,
        166,
        167,
        168,
        169,
        170,
        171,
        172,
        173,
        174,
        175,
        176,
        177,
        178,
        179,
        180,
        181,
        182,
        183,
        184,
        185,
        186,
        187,
        188,
        189,
        190,
        191,
        192,
        193,
        194,
        195,
        196,
        197,
        198,
        199,
        200,
        201,
        202,
        203,
        204,
        205,
        206,
        207,
        208,
        209,
        210,
        211,
        212,
        213,
        214,
        215,
        216,
        217,
        218,
        219,
        220,
        221,
        222,
        223,
        224,
        225,
        226,
        227,
        228,
        229,
        230,
        231,
        232,
        233,
        234,
        235,
        236,
        237,
        238,
        239,
        240,
        241,
        242,
        243,
        244,
        245,
        246,
        247,
        248,
        249,
        250,
        251,
        252,
        253,
        254,
        255,
        256,
        257,
        258,
        259,
        260,
        261,
        262,
        263,
        264,
        265,
        266,
        267,
        268,
        269,
        270,
        271,
        272,
        273,
        274,
        275,
        276,
        277,
        278,
        279,
        280,
        281,
        282,
        283,
        284,
        285,
        286,
        287,
        288,
        289,
        290,
        291,
        292,
        293,
        294,
        295,
        296,
        297,
        298,
        299,
        300,
        301,
        302,
        303,
        304,
        305,
        306,
        307,
        308,
        309,
        310,
        311,
        312,
        313,
        314,
        315,
        316,
        317,
        318,
        319,
        320,
        321,
        322,
        323,
        324,
        325,
        326,
        327,
        328,
        329,
        330,
        331,
        332,
        333,
        334,
        335,
        336,
        337,
        338,
        339,
        340,
        341,
        342,
        343,
        344,
        345,
        346,
        347,
        348,
        349,
        350,
        351,
        352,
        353,
        354,
        355,
        356,
        357,
        358,
        359,
        360,
        361,
        362,
        363,
        364,
        365,
        366
    ],
    "nhm_id": [
        84012,
        84017,
        84023,
        84032,
        84038,
        84124,
        84148,
        84165,
        85114,
        85116
    ],
    "nhm_seg": [
        42949,
        42951,
        42952,
        42953,
        42954
    ],
    "poi_gage_id": [
        "09112200",
        "09112500"
    ],
    "K_coef": [
        21.690791,
        1.0,
        1.0,
        8.743081,
        7.334701
    ],
    "adjmix_rain": [
        [
            1.073968,
            1.073968,
            1.073968,
            1.073968,
            1.073968,
            1.073968,
            1.073968,
            1.073968,
            1.073968,
            1.073968
        ],
        [
            1.073968,
            1.073968,
            1.073968,
            1.073968,
            1.073968,
            1.073968,
            1.073968,
            1.073968,
            1.073968,
            1.073968
        ],
        [
            1.073968,
            1.073968,
            1.073968,
            1.073968,
            1.073968,
            1.073968,
            1.073968,
            1.073968,
            1.073968,
            1.073968
        ],
        [
            1.073968,
            1.073968,
            1.073968,
            1.073968,
            1.073968,
            1.073968,
            1.073968,
            1.073968,
            1.073968,
            1.073968
        ],
        [
            1.073968,
            1.073968,
            1.073968,
            1.073968,
            1.073968,
            1.073968,
            1.073968,
            1.073968,
            1.073968,
            1.073968
        ],
        [
            1.073968,
            1.073968,
            1.073968,
            1.073968,
            1.073968,
            1.073968,
            1.073968,
            1.073968,
            1.073968,
            1.073968
        ],
        [
            1.073968,
            1.073968,
            1.073968,
            1.073968,
            1.073968,
            1.073968,
            1.073968,
            1.073968,
            1.073968,
            1.073968
        ],
        [
            1.073968,
            1.073968,
            1.073968,
            1.073968,
            1.073968,
            1.073968,
            1.073968,
            1.073968,
            1.073968,
            1.073968
        ],
        [
            1.073968,
            1.073968,
            1.073968,
            1.073968,
            1.073968,
            1.073968,
            1.073968,
            1.073968,
            1.073968,
            1.073968
        ],
        [
            1.073968,
            1.073968,
            1.073968,
            1.073968,
            1.073968,
            1.073968,
            1.073968,
            1.073968,
            1.073968,
            1.073968
        ],
        [
            1.073968,
            1.073968,
            1.073968,
            1.073968,
            1.073968,
            1.073968,
            1.073968,
            1.073968,
            1.073968,
            1.073968
        ],
        [
            1.073968,
            1.073968,
            1.073968,
            1.073968,
            1.073968,
            1.073968,
            1.073968,
            1.073968,
            1.073968,
            1.073968
        ]
    ],
    "albedo": [
        0.1
    ],
    "albset_rna": [
        0.8
    ],
    "albset_rnm": [
        0.6
    ],
    "albset_sna": [
        0.05
    ],
    "albset_snm": [
        0.2
    ],
    "alte": [
        0.207496,
        0.186415,
        0.187664,
        0.232159,
        0.123018
    ],
    "altw": [
        0.207496,
        0.186415,
        0.187664,
        0.232159,
        0.123018
    ],
    "azrh": [
        2.588672,
        3.185226,
        3.290993,
        3.001966,
        3.080506
    ],
    "carea_max": [
        0.391485,
        0.708344,
        0.393974,
        0.708344,
        0.376991,
        0.496474,
        0.463145,
        0.419874,
        0.535153,
        0.321529
    ],
    "cecn_coef": [
        [
            4.808414,
            4.808414,
            4.808414,
            4.808414,
            4.808414,
            4.808414,
            4.808414,
            4.808414,
            4.808414,
            4.808414
        ],
        [
            4.808414,
            4.808414,
            4.808414,
            4.808414,
            4.808414,
            4.808414,
            4.808414,
            4.808414,
            4.808414,
            4.808414
        ],
        [
            4.808414,
            4.808414,
            4.808414,
            4.808414,
            4.808414,
            4.808414,
            4.808414,
            4.808414,
            4.808414,
            4.808414
        ],
        [
            4.808414,
            4.808414,
            4.808414,
            4.808414,
            4.808414,
            4.808414,
            4.808414,
            4.808414,
            4.808414,
            4.808414
        ],
        [
            4.808414,
            4.808414,
            4.808414,
            4.808414,
            4.808414,
            4.808414,
            4.808414,
            4.808414,
            4.808414,
            4.808414
        ],
        [
            4.808414,
            4.808414,
            4.808414,
            4.808414,
            4.808414,
            4.808414,
            4.808414,
            4.808414,
            4.808414,
            4.808414
        ],
        [
            4.808414,
            4.808414,
            4.808414,
            4.808414,
            4.808414,
            4.808414,
            4.808414,
            4.808414,
            4.808414,
            4.808414
        ],
        [
            4.808414,
            4.808414,
            4.808414,
            4.808414,
            4.808414,
            4.808414,
            4.808414,
            4.808414,
            4.808414,
            4.808414
        ],
        [
            4.808414,
            4.808414,
            4.808414,
            4.808414,
            4.808414,
            4.808414,
            4.808414,
            4.808414,
            4.808414,
            4.808414
        ],
        [
            4.808414,
            4.808414,
            4.808414,
            4.808414,
            4.808414,
            4.808414,
            4.808414,
            4.808414,
            4.808414,
            4.808414
        ],
        [
            4.808414,
            4.808414,
            4.808414,
            4.808414,
            4.808414,
            4.808414,
            4.808414,
            4.808414,
            4.808414,
            4.808414
        ],
        [
            4.808414,
            4.808414,
            4.808414,
            4.808414,
            4.808414,
            4.808414,
            4.808414,
            4.808414,
            4.808414,
            4.808414
        ]
    ],
    "cov_type": [
        3,
        3,
        3,
        3,
        3,
        3,
        3,
        3,
        3,
        3
    ],
    "covden_sum": [
        0.253139,
        0.175354,
        0.274513,
        0.122023,
        0.387646,
        0.446467,
        0.40588,
        0.404468,
        0.249227,
        0.422501
    ],
    "covden_win": [
        0.100676,
        0.076217,
        0.112125,
        0.027469,
        0.158113,
        0.214571,
        0.154316,
        0.181437,
        0.057215,
        0.199628
    ],
    "dday_intcp": [
        [
            -10.0,
            -10.0,
            -10.0,
            -10.0,
            -10.0,
            -10.0,
            -10.0,
            -10.0,
            -10.0,
            -10.0
        ],
        [
            -11.0,
            -11.0,
            -11.0,
            -11.0,
            -11.0,
            -11.0,
            -11.0,
            -11.0,
            -11.0,
            -11.0
        ],
        [
            -13.0,
            -13.0,
            -13.0,
            -13.0,
            -13.0,
            -13.0,
            -13.0,
            -13.0,
            -13.0,
            -13.0
        ],
        [
            -16.0,
            -16.0,
            -16.0,
            -16.0,
            -16.0,
            -16.0,
            -16.0,
            -16.0,
            -16.0,
            -16.0
        ],
        [
            -20.0,
            -20.0,
            -20.0,
            -20.0,
            -20.0,
            -20.0,
            -20.0,
            -20.0,
            -20.0,
            -20.0
        ],
        [
            -25.0,
            -25.0,
            -25.0,
            -25.0,
            -25.0,
            -25.0,
            -25.0,
            -25.0,
            -25.0,
            -25.0
        ],
        [
            -30.0,
            -30.0,
            -30.0,
            -30.0,
            -30.0,
            -30.0,
            -30.0,
            -30.0,
            -30.0,
            -30.0
        ],
        [
            -25.0,
            -25.0,
            -25.0,
            -25.0,
            -25.0,
            -25.0,
            -25.0,
            -25.0,
            -25.0,
            -25.0
        ],
        [
            -20.0,
            -20.0,
            -20.0,
            -20.0,
            -20.0,
            -20.0,
            -20.0,
            -20.0,
            -20.0,
            -20.0
        ],
        [
            -16.0,
            -16.0,
            -16.0,
            -16.0,
            -16.0,
            -16.0,
            -16.0,
            -16.0,
            -16.0,
            -16.0
        ],
        [
            -13.0,
            -13.0,
            -13.0,
            -13.0,
            -13.0,
            -13.0,
            -13.0,
            -13.0,
            -13.0,
            -13.0
        ],
        [
            -11.0,
            -11.0,
            -11.0,
            -11.0,
            -11.0,
            -11.0,
            -11.0,
            -11.0,
            -11.0,
            -11.0
        ]
    ],
    "dday_slope": [
        [
            0.477061,
            0.430465,
            0.469719,
            0.435733,
            0.480462,
            0.52483,
            0.539155,
            0.503317,
            0.519089,
            0.501427
        ],
        [
            0.446671,
            0.402272,
            0.436256,
            0.407068,
            0.451899,
            0.499513,
            0.513363,
            0.485256,
            0.49329,
            0.482772
        ],
        [
            0.455747,
            0.420272,
            0.453646,
            0.420979,
            0.476677,
            0.507516,
            0.504289,
            0.512151,
            0.503027,
            0.491646
        ],
        [
            0.517573,
            0.44657,
            0.510091,
            0.457321,
            0.545733,
            0.594269,
            0.608702,
            0.55431,
            0.599226,
            0.560027
        ],
        [
            0.473895,
            0.431572,
            0.473239,
            0.43468,
            0.47543,
            0.532976,
            0.54748,
            0.500949,
            0.546553,
            0.50472
        ],
        [
            0.464176,
            0.441891,
            0.46331,
            0.442959,
            0.471062,
            0.506914,
            0.523293,
            0.495104,
            0.532702,
            0.504055
        ],
        [
            0.46609,
            0.445108,
            0.46594,
            0.446865,
            0.472683,
            0.502247,
            0.515146,
            0.500208,
            0.520925,
            0.507152
        ],
        [
            0.401772,
            0.384207,
            0.402316,
            0.385403,
            0.405195,
            0.434358,
            0.444611,
            0.425901,
            0.445397,
            0.430959
        ],
        [
            0.394554,
            0.371904,
            0.39287,
            0.37219,
            0.396271,
            0.430697,
            0.444524,
            0.41671,
            0.442878,
            0.420739
        ],
        [
            0.457239,
            0.402988,
            0.453192,
            0.407328,
            0.456618,
            0.529898,
            0.524739,
            0.473755,
            0.508448,
            0.481123
        ],
        [
            0.489298,
            0.441363,
            0.480104,
            0.449108,
            0.500865,
            0.554675,
            0.517491,
            0.506255,
            0.529095,
            0.499572
        ],
        [
            0.499028,
            0.44642,
            0.483528,
            0.452238,
            0.512108,
            0.558332,
            0.552342,
            0.532151,
            0.545597,
            0.529958
        ]
    ],
    "den_init": [
        0.1
    ],
    "den_max": [
        0.6
    ],
    "dprst_depth_avg": [
        16.9252,
        132.0,
        132.0,
        132.0,
        132.0,
        132.0,
        54.1863,
        40.0374,
        81.7407,
        132.0
    ],
    "dprst_et_coef": [
        0.7517,
        1.0,
        1.0,
        1.0,
        1.0,
        1.0,
        0.7683,
        0.7501,
        0.7547,
        1.0
    ],
    "dprst_flow_coef": [
        0.0653,
        0.05,
        0.05,
        0.05,
        0.05,
        0.05,
        0.017,
        0.0304,
        0.0653,
        0.05
    ],
    "dprst_frac": [
        0.000207,
        0.0,
        0.0,
        0.0,
        0.0,
        0.0,
        0.000245,
        0.001798,
        0.001067,
        0.0
    ],
    "dprst_frac_init": [
        0.5,
        0.5,
        0.5,
        0.5,
        0.5,
        0.5,
        0.5,
        0.5,
        0.5,
        0.5
    ],
    "dprst_frac_open": [
        1.0,
        1.0,
        1.0,
        1.0,
        1.0,
        1.0,
        1.0,
        1.0,
        1.0,
        1.0
    ],
    "dprst_seep_rate_clos": [
        0.1998,
        0.02,
        0.02,
        0.02,
        0.02,
        0.02,
        0.0058,
        0.0115,
        0.008,
        0.02
    ],
    "dprst_seep_rate_open": [
        0.1998,
        0.02,
        0.02,
        0.02,
        0.02,
        0.02,
        0.0058,
        0.0115,
        0.008,
        0.02
    ],
    "elev_units": [
        1
    ],
    "emis_noppt": [
        1.0,
        1.0,
        1.0,
        1.0,
        1.0,
        1.0,
        1.0,
        1.0,
        1.0,
        1.0
    ],
    "epan_coef": [
        [
            1.0,
            1.0,
            1.0,
            1.0,
            1.0,
            1.0,
            1.0,
            1.0,
            1.0,
            1.0
        ],
        [
            1.0,
            1.0,
            1.0,
            1.0,
            1.0,
            1.0,
            1.0,
            1.0,
            1.0,
            1.0
        ],
        [
            1.0,
            1.0,
            1.0,
            1.0,
            1.0,
            1.0,
            1.0,
            1.0,
            1.0,
            1.0
        ],
        [
            1.0,
            1.0,
            1.0,
            1.0,
            1.0,
            1.0,
            1.0,
            1.0,
            1.0,
            1.0
        ],
        [
            1.0,
            1.0,
            1.0,
            1.0,
            1.0,
            1.0,
            1.0,
            1.0,
            1.0,
            1.0
        ],
        [
            1.0,
            1.0,
            1.0,
            1.0,
            1.0,
            1.0,
            1.0,
            1.0,
            1.0,
            1.0
        ],
        [
            1.0,
            1.0,
            1.0,
            1.0,
            1.0,
            1.0,
            1.0,
            1.0,
            1.0,
            1.0
        ],
        [
            1.0,
            1.0,
            1.0,
            1.0,
            1.0,
            1.0,
            1.0,
            1.0,
            1.0,
            1.0
        ],
        [
            1.0,
            1.0,
            1.0,
            1.0,
            1.0,
            1.0,
            1.0,
            1.0,
            1.0,
            1.0
        ],
        [
            1.0,
            1.0,
            1.0,
            1.0,
            1.0,
            1.0,
            1.0,
            1.0,
            1.0,
            1.0
        ],
        [
            1.0,
            1.0,
            1.0,
            1.0,
            1.0,
            1.0,
            1.0,
            1.0,
            1.0,
            1.0
        ],
        [
            1.0,
            1.0,
            1.0,
            1.0,
            1.0,
            1.0,
            1.0,
            1.0,
            1.0,
            1.0
        ]
    ],
    "fastcoef_lin": [
        0.372301,
        0.33182,
        0.460923,
        0.510279,
        0.41817,
        0.382498,
        0.396224,
        0.341466,
        0.456924,
        0.378465
    ],
    "fastcoef_sq": [
        0.8,
        0.8,
        0.8,
        0.8,
        0.8,
        0.8,
        0.8,
        0.8,
        0.8,
        0.8
    ],
    "freeh2o_cap": [
        0.079287,
        0.063272,
        0.047202,
        0.043274,
        0.038854,
        0.051929,
        0.040012,
        0.044688,
        0.038854,
        0.063704
    ],
    "gw_tau": [
        47,
        47,
        47,
        47,
        47
    ],
    "gwflow_coef": [
        0.011793,
        0.019026,
        0.009984,
        0.018047,
        0.010495,
        0.009984,
        0.011123,
        0.009984,
        0.009984,
        0.009984
    ],
    "gwsink_coef": [
        0.0,
        0.0,
        0.0,
        0.0,
        0.0,
        0.0,
        0.0,
        0.0,
        0.0,
        0.0
    ],
    "gwstor_init": [
        2.0,
        2.0,
        2.0,
        2.0,
        2.0,
        2.0,
        2.0,
        2.0,
        2.0,
        2.0
    ],
    "gwstor_min": [
        0.0,
        0.0,
        0.0,
        0.0,
        0.0,
        0.0,
        0.0,
        0.0,
        0.0,
        0.0
    ],
    "hru_area": [
        17180.240759,
        28.224661,
        12780.605916,
        95.494818,
        908.696974,
        27523.60455,
        32727.609397,
        62818.802132,
        22722.22946,
        8086.645653
    ],
    "hru_aspect": [
        106.042894,
        107.988299,
        246.294145,
        103.184723,
        41.2765,
        240.657742,
        247.906212,
        97.602806,
        223.998701,
        66.163915
    ],
    "hru_deplcrv": [
        1,
        1,
        2,
        1,
        1,
        1,
        1,
        1,
        1,
        1
    ],
    "hru_elev": [
        2798.0,
        2573.0,
        2686.0,
        2594.0,
        2916.0,
        3231.0,
        3306.0,
        3085.0,
        3298.0,
        3115.0
    ],
    "hru_lat": [
        38.723339,
        38.780315,
        38.744847,
        38.786962,
        38.796812,
        38.866661,
        38.930146,
        38.883949,
        38.979829,
        38.976726
    ],
    "hru_lon": [
        -106.8947,
        -106.8729,
        -106.8339,
        -106.8823,
        -106.9138,
        -106.8231,
        -106.8635,
        -107.0113,
        -106.9637,
        -107.0139
    ],
    "hru_percent_imperv": [
        0.0,
        0.0,
        0.000191,
        0.0,
        0.0,
        0.000137,
        7e-06,
        0.002096,
        1e-05,
        2.8e-05
    ],
    "hru_segment": [
        5,
        5,
        5,
        4,
        2,
        2,
        4,
        4,
        1,
        1
    ],
    "hru_segment_nhm": [
        42954,
        42954,
        42954,
        42953,
        42951,
        42951,
        42953,
        42953,
        42949,
        42949
    ],
    "hru_slope": [
        0.207795,
        0.052018,
        0.220092,
        0.068303,
        0.200817,
        0.363146,
        0.35542,
        0.32905,
        0.400824,
        0.38929
    ],
    "hru_type": [
        1,
        1,
        1,
        1,
        1,
        1,
        1,
        1,
        1,
        1
    ],
    "imperv_stor_max": [
        0.05,
        0.05,
        0.05,
        0.05,
        0.05,
        0.05,
        0.05,
        0.05,
        0.05,
        0.05
    ],
    "jh_coef": [
        [
            0.006714,
            0.006159,
            0.003054,
            0.006023,
            0.004094,
            0.009481,
            0.013384,
            0.003991,
            0.005443,
            0.00432
        ],
        [
            0.009836,
            0.008469,
            0.005576,
            0.008231,
            0.006922,
            0.009552,
            0.012761,
            0.004993,
            0.006086,
            0.004944
        ],
        [
            0.009325,
            0.008551,
            0.005635,
            0.00848,
            0.006853,
            0.008122,
            0.010416,
            0.004669,
            0.006041,
            0.004973
        ],
        [
            0.008719,
            0.008452,
            0.005485,
            0.008372,
            0.006685,
            0.007186,
            0.008583,
            0.004546,
            0.005854,
            0.00491
        ],
        [
            0.008127,
            0.008152,
            0.005108,
            0.008103,
            0.006258,
            0.006313,
            0.007103,
            0.004049,
            0.005547,
            0.004676
        ],
        [
            0.007347,
            0.007743,
            0.004596,
            0.007711,
            0.005517,
            0.005598,
            0.006065,
            0.003349,
            0.005133,
            0.004235
        ],
        [
            0.007782,
            0.00819,
            0.00503,
            0.008151,
            0.005963,
            0.005993,
            0.006375,
            0.003606,
            0.005443,
            0.004474
        ],
        [
            0.008253,
            0.008504,
            0.005372,
            0.00848,
            0.006549,
            0.006487,
            0.00698,
            0.004124,
            0.005824,
            0.004872
        ],
        [
            0.007983,
            0.008242,
            0.005117,
            0.008212,
            0.006204,
            0.006593,
            0.007363,
            0.004139,
            0.005803,
            0.004849
        ],
        [
            0.008241,
            0.00817,
            0.005124,
            0.008098,
            0.006321,
            0.007199,
            0.008639,
            0.004531,
            0.00597,
            0.004993
        ],
        [
            0.009078,
            0.008389,
            0.005475,
            0.008263,
            0.006722,
            0.009332,
            0.013026,
            0.005582,
            0.006674,
            0.005648
        ],
        [
            0.008308,
            0.007412,
            0.00445,
            0.007192,
            0.005419,
            0.010909,
            0.016156,
            0.005239,
            0.00643,
            0.005218
        ]
    ],
    "jh_coef_hru": [
        -37.7517,
        -32.8,
        -37.1625,
        -33.4411,
        -40.081,
        -46.2617,
        -48.3754,
        -44.5968,
        -49.0482,
        -45.845
    ],
    "lat_temp_adj": [
        [
            0.0,
            0.0,
            0.0,
            0.0,
            0.0
        ],
        [
            0.0,
            0.0,
            0.0,
            0.0,
            0.0
        ],
        [
            5.604236,
            3.187608,
            0.04264,
            0.740656,
            0.027989
        ],
        [
            0.0,
            0.0,
            0.0,
            0.0,
            0.0
        ],
        [
            0.0,
            0.0,
            0.0,
            0.0,
            0.0
        ],
        [
            0.0,
            0.0,
            0.0,
            0.0,
            0.0
        ],
        [
            0.0,
            0.0,
            0.0,
            0.0,
            0.0
        ],
        [
            0.0,
            0.0,
            0.0,
            0.0,
            0.0
        ],
        [
            0.0,
            0.0,
            0.0,
            0.0,
            0.0
        ],
        [
            0.0,
            0.0,
            0.0,
            0.0,
            0.0
        ],
        [
            0.0,
            0.0,
            0.0,
            0.0,
            0.0
        ],
        [
            0.0,
            0.0,
            0.0,
            0.0,
            0.0
        ]
    ],
    "mann_n": [
        0.092731,
        0.086287,
        0.086052,
        0.088494,
        0.086947
    ],
    "maxiter_sntemp": [
        1000
    ],
    "melt_force": [
        140,
        140,
        140,
        140,
        140,
        140,
        140,
        140,
        140,
        140
    ],
    "melt_look": [
        90,
        90,
        90,
        90,
        90,
        90,
        90,
        90,
        90,
        90
    ],
    "melt_temp": [
        1.5
    ],
    "obsin_segment": [
        0,
        0,
        0,
        0,
        0
    ],
    "obsout_segment": [
        0.0,
        0.0,
        0.0,
        0.0,
        0.0
    ],
    "op_flow_thres": [
        0.9479,
        1.0,
        1.0,
        1.0,
        1.0,
        1.0,
        0.9607,
        0.8425,
        0.9122,
        1.0
    ],
    "outlet_sta": [
        1
    ],
    "poi_gage_segment": [
        2,
        5
    ],
    "poi_type": [
        0,
        1
    ],
    "potet_sublim": [
        0.474838,
        0.474838,
        0.474838,
        0.474838,
        0.474838,
        0.474838,
        0.474838,
        0.474838,
        0.474838,
        0.474838
    ],
    "ppt_rad_adj": [
        [
            0.02,
            0.02,
            0.02,
            0.02,
            0.02,
            0.02,
            0.02,
            0.02,
            0.02,
            0.02
        ],
        [
            0.02,
            0.02,
            0.02,
            0.02,
            0.02,
            0.02,
            0.02,
            0.02,
            0.02,
            0.02
        ],
        [
            0.02,
            0.02,
            0.02,
            0.02,
            0.02,
            0.02,
            0.02,
            0.02,
            0.02,
            0.02
        ],
        [
            0.02,
            0.02,
            0.02,
            0.02,
            0.02,
            0.02,
            0.02,
            0.02,
            0.02,
            0.02
        ],
        [
            0.02,
            0.02,
            0.02,
            0.02,
            0.02,
            0.02,
            0.02,
            0.02,
            0.02,
            0.02
        ],
        [
            0.02,
            0.02,
            0.02,
            0.02,
            0.02,
            0.02,
            0.02,
            0.02,
            0.02,
            0.02
        ],
        [
            0.02,
            0.02,
            0.02,
            0.02,
            0.02,
            0.02,
            0.02,
            0.02,
            0.02,
            0.02
        ],
        [
            0.02,
            0.02,
            0.02,
            0.02,
            0.02,
            0.02,
            0.02,
            0.02,
            0.02,
            0.02
        ],
        [
            0.02,
            0.02,
            0.02,
            0.02,
            0.02,
            0.02,
            0.02,
            0.02,
            0.02,
            0.02
        ],
        [
            0.02,
            0.02,
            0.02,
            0.02,
            0.02,
            0.02,
            0.02,
            0.02,
            0.02,
            0.02
        ],
        [
            0.02,
            0.02,
            0.02,
            0.02,
            0.02,
            0.02,
            0.02,
            0.02,
            0.02,
            0.02
        ],
        [
            0.02,
            0.02,
            0.02,
            0.02,
            0.02,
            0.02,
            0.02,
            0.02,
            0.02,
            0.02
        ]
    ],
    "ppt_zero_thresh": [
        0.0
    ],
    "precip_units": [
        0
    ],
    "pref_flow_den": [
        0.0,
        0.0,
        0.0,
        0.0,
        0.0,
        0.0,
        0.0,
        0.0,
        0.0,
        0.0
    ],
    "print_freq": [
        0
    ],
    "print_type": [
        0
    ],
    "rad_trncf": [
        0.484191,
        0.498514,
        0.345686,
        0.691389,
        0.372414,
        0.27014,
        0.322717,
        0.280397,
        0.423613,
        0.260551
    ],
    "radadj_intcp": [
        [
            1.0,
            1.0,
            1.0,
            1.0,
            1.0,
            1.0,
            1.0,
            1.0,
            1.0,
            1.0
        ],
        [
            1.0,
            1.0,
            1.0,
            1.0,
            1.0,
            1.0,
            1.0,
            1.0,
            1.0,
            1.0
        ],
        [
            1.0,
            1.0,
            1.0,
            1.0,
            1.0,
            1.0,
            1.0,
            1.0,
            1.0,
            1.0
        ],
        [
            1.0,
            1.0,
            1.0,
            1.0,
            1.0,
            1.0,
            1.0,
            1.0,
            1.0,
            1.0
        ],
        [
            1.0,
            1.0,
            1.0,
            1.0,
            1.0,
            1.0,
            1.0,
            1.0,
            1.0,
            1.0
        ],
        [
            1.0,
            1.0,
            1.0,
            1.0,
            1.0,
            1.0,
            1.0,
            1.0,
            1.0,
            1.0
        ],
        [
            1.0,
            1.0,
            1.0,
            1.0,
            1.0,
            1.0,
            1.0,
            1.0,
            1.0,
            1.0
        ],
        [
            1.0,
            1.0,
            1.0,
            1.0,
            1.0,
            1.0,
            1.0,
            1.0,
            1.0,
            1.0
        ],
        [
            1.0,
            1.0,
            1.0,
            1.0,
            1.0,
            1.0,
            1.0,
            1.0,
            1.0,
            1.0
        ],
        [
            1.0,
            1.0,
            1.0,
            1.0,
            1.0,
            1.0,
            1.0,
            1.0,
            1.0,
            1.0
        ],
        [
            1.0,
            1.0,
            1.0,
            1.0,
            1.0,
            1.0,
            1.0,
            1.0,
            1.0,
            1.0
        ],
        [
            1.0,
            1.0,
            1.0,
            1.0,
            1.0,
            1.0,
            1.0,
            1.0,
            1.0,
            1.0
        ]
    ],
    "radadj_slope": [
        [
            0.02,
            0.02,
            0.02,
            0.02,
            0.02,
            0.02,
            0.02,
            0.02,
            0.02,
            0.02
        ],
        [
            0.02,
            0.02,
            0.02,
            0.02,
            0.02,
            0.02,
            0.02,
            0.02,
            0.02,
            0.02
        ],
        [
            0.02,
            0.02,
            0.02,
            0.02,
            0.02,
            0.02,
            0.02,
            0.02,
            0.02,
            0.02
        ],
        [
            0.02,
            0.02,
            0.02,
            0.02,
            0.02,
            0.02,
            0.02,
            0.02,
            0.02,
            0.02
        ],
        [
            0.02,
            0.02,
            0.02,
            0.02,
            0.02,
            0.02,
            0.02,
            0.02,
            0.02,
            0.02
        ],
        [
            0.02,
            0.02,
            0.02,
            0.02,
            0.02,
            0.02,
            0.02,
            0.02,
            0.02,
            0.02
        ],
        [
            0.02,
            0.02,
            0.02,
            0.02,
            0.02,
            0.02,
            0.02,
            0.02,
            0.02,
            0.02
        ],
        [
            0.02,
            0.02,
            0.02,
            0.02,
            0.02,
            0.02,
            0.02,
            0.02,
            0.02,
            0.02
        ],
        [
            0.02,
            0.02,
            0.02,
            0.02,
            0.02,
            0.02,
            0.02,
            0.02,
            0.02,
            0.02
        ],
        [
            0.02,
            0.02,
            0.02,
            0.02,
            0.02,
            0.02,
            0.02,
            0.02,
            0.02,
            0.02
        ],
        [
            0.02,
            0.02,
            0.02,
            0.02,
            0.02,
            0.02,
            0.02,
            0.02,
            0.02,
            0.02
        ],
        [
            0.02,
            0.02,
            0.02,
            0.02,
            0.02,
            0.02,
            0.02,
            0.02,
            0.02,
            0.02
        ]
    ],
    "radj_sppt": [
        0.44,
        0.44,
        0.44,
        0.44,
        0.44,
        0.44,
        0.44,
        0.44,
        0.44,
        0.44
    ],
    "radj_wppt": [
        0.5,
        0.5,
        0.5,
        0.5,
        0.5,
        0.5,
        0.5,
        0.5,
        0.5,
        0.5
    ],
    "radmax": [
        [
            0.608115,
            0.608115,
            0.608115,
            0.608115,
            0.608115,
            0.608115,
            0.608115,
            0.608115,
            0.608115,
            0.608115
        ],
        [
            0.608115,
            0.608115,
            0.608115,
            0.608115,
            0.608115,
            0.608115,
            0.608115,
            0.608115,
            0.608115,
            0.608115
        ],
        [
            0.608115,
            0.608115,
            0.608115,
            0.608115,
            0.608115,
            0.608115,
            0.608115,
            0.608115,
            0.608115,
            0.608115
        ],
        [
            0.608115,
            0.608115,
            0.608115,
            0.608115,
            0.608115,
            0.608115,
            0.608115,
            0.608115,
            0.608115,
            0.608115
        ],
        [
            0.608115,
            0.608115,
            0.608115,
            0.608115,
            0.608115,
            0.608115,
            0.608115,
            0.608115,
            0.608115,
            0.608115
        ],
        [
            0.608115,
            0.608115,
            0.608115,
            0.608115,
            0.608115,
            0.608115,
            0.608115,
            0.608115,
            0.608115,
            0.608115
        ],
        [
            0.608115,
            0.608115,
            0.608115,
            0.608115,
            0.608115,
            0.608115,
            0.608115,
            0.608115,
            0.608115,
            0.608115
        ],
        [
            0.608115,
            0.608115,
            0.608115,
            0.608115,
            0.608115,
            0.608115,
            0.608115,
            0.608115,
            0.608115,
            0.608115
        ],
        [
            0.608115,
            0.608115,
            0.608115,
            0.608115,
            0.608115,
            0.608115,
            0.608115,
            0.608115,
            0.608115,
            0.608115
        ],
        [
            0.608115,
            0.608115,
            0.608115,
            0.608115,
            0.608115,
            0.608115,
            0.608115,
            0.608115,
            0.608115,
            0.608115
        ],
        [
            0.608115,
            0.608115,
            0.608115,
            0.608115,
            0.608115,
            0.608115,
            0.608115,
            0.608115,
            0.608115,
            0.608115
        ],
        [
            0.608115,
            0.608115,
            0.608115,
            0.608115,
            0.608115,
            0.608115,
            0.608115,
            0.608115,
            0.608115,
            0.608115
        ]
    ],
    "rain_cbh_adj": [
        [
            0.639301,
            0.5,
            0.5,
            0.5,
            0.6593,
            0.732494,
            0.5,
            0.5,
            0.5,
            0.533298
        ],
        [
            1.007146,
            0.693123,
            0.5,
            1.03564,
            1.034121,
            0.5,
            0.5,
            0.986339,
            0.5,
            1.033694
        ],
        [
            0.99965,
            0.764995,
            0.5,
            0.984399,
            0.991328,
            0.5,
            0.5,
            0.983545,
            0.5,
            0.928717
        ],
        [
            0.99965,
            0.764995,
            0.5,
            0.984399,
            0.991328,
            0.5,
            0.5,
            0.983545,
            0.5,
            0.915086
        ],
        [
            0.643484,
            1.130132,
            0.77641,
            0.711694,
            0.588817,
            0.5,
            0.5,
            0.5,
            0.5,
            0.718765
        ],
        [
            0.639399,
            1.093056,
            0.773605,
            0.703379,
            0.626503,
            0.5,
            0.5,
            0.5,
            0.5,
            0.714439
        ],
        [
            0.639206,
            1.093056,
            0.773605,
            0.703379,
            0.626503,
            0.5,
            0.5,
            0.5,
            0.5,
            0.714439
        ],
        [
            0.631227,
            0.5,
            0.5,
            0.5,
            1.100435,
            0.5,
            0.841228,
            0.5,
            0.944401,
            0.5
        ],
        [
            0.632948,
            0.5,
            0.5,
            0.5,
            1.095101,
            0.5,
            0.831013,
            0.5,
            0.934085,
            0.5
        ],
        [
            0.634667,
            0.5,
            0.5,
            0.5,
            1.095101,
            0.5,
            0.831013,
            0.5,
            0.934085,
            0.5
        ],
        [
            0.636388,
            0.5,
            0.5,
            0.5,
            0.639693,
            0.740158,
            0.5,
            0.5,
            0.5,
            0.50642
        ],
        [
            0.639301,
            0.5,
            0.5,
            0.5,
            0.6593,
            0.732494,
            0.5,
            0.5,
            0.5,
            0.533298
        ]
    ],
    "runoff_units": [
        0
    ],
    "sat_threshold": [
        999.0,
        999.0,
        999.0,
        999.0,
        999.0,
        999.0,
        999.0,
        999.0,
        999.0,
        999.0
    ],
    "seg_cum_area": [
        30808.875113,
        28432.301524,
        28432.301524,
        126450.78146,
        184872.15432
    ],
    "seg_depth": [
        0.743842,
        0.731407,
        0.731407,
        1.000604,
        1.083681
    ],
    "seg_elev": [
        2776.63,
        2577.77,
        2568.23,
        2651.96,
        2495.72
    ],
    "seg_humidity": [
        0.7,
        0.7,
        0.7,
        0.7,
        0.7
    ],
    "seg_lat": [
        38.942042,
        38.786931,
        38.779551,
        38.83004,
        38.718809
    ],
    "seg_length": [
        26958.95056,
        954.406855,
        1044.142676,
        15040.73992,
        14288.61573
    ],
    "seg_slope": [
        0.017463,
        0.007907,
        0.007664,
        0.010507,
        0.008621
    ],
    "seg_width": [
        12.588089,
        12.249154,
        12.249154,
        20.345264,
        23.149751
    ],
    "segment_flow_init": [
        0.0,
        0.0,
        0.0,
        0.0,
        0.0
    ],
    "segment_type": [
        1,
        1,
        0,
        0,
        0
    ],
    "settle_const": [
        0.1
    ],
    "slowcoef_lin": [
        0.005006,
        0.006397,
        0.005008,
        0.005268,
        0.00512,
        0.005023,
        0.005007,
        0.005004,
        0.005012,
        0.005038
    ],
    "slowcoef_sq": [
        0.063738,
        0.716878,
        0.0,
        0.146169,
        0.003965,
        0.352924,
        0.152553,
        0.110617,
        0.071728,
        0.381553
    ],
    "smidx_coef": [
        0.0001,
        0.0001,
        0.0001,
        0.0001,
        0.0001,
        0.0001,
        0.0001,
        0.0001,
        0.0001,
        0.0001
    ],
    "smidx_exp": [
        1.0,
        1.0,
        1.0,
        1.0,
        1.0,
        1.0,
        1.0,
        1.0,
        1.0,
        1.0
    ],
    "snarea_curve": [
        0.0,
        0.17,
        0.36,
        0.53,
        0.68,
        0.81,
        0.91,
        0.97,
        1.0,
        1.0,
        1.0,
        0.0,
        0.1,
        0.23,
        0.37,
        0.52,
        0.65,
        0.78,
        0.89,
        0.96,
        1.0,
        1.0
    ],
    "snarea_thresh": [
        2.024922,
        21.832565,
        22.530891,
        7.213627,
        8.568255,
        11.1675,
        11.574348,
        19.514704,
        19.168257,
        8.629913
    ],
    "snow_cbh_adj": [
        [
            1.160012,
            0.691609,
            1.160012,
            1.160012,
            1.039145,
            1.017288,
            1.120997,
            0.732985,
            1.160012,
            0.881576
        ],
        [
            0.946013,
            0.861351,
            0.939896,
            1.02269,
            1.160012,
            1.160012,
            1.160012,
            1.160012,
            1.160012,
            1.160012
        ],
        [
            0.945855,
            0.860877,
            0.966904,
            1.096089,
            1.160012,
            1.160012,
            1.160012,
            1.160012,
            1.160012,
            1.160012
        ],
        [
            0.945855,
            0.860402,
            0.966904,
            1.100939,
            1.160012,
            1.160012,
            1.160012,
            1.160012,
            1.160012,
            1.160012
        ],
        [
            0.843685,
            0.859928,
            1.100201,
            1.160012,
            1.160012,
            1.160012,
            0.680676,
            0.781371,
            1.03277,
            0.645362
        ],
        [
            0.98816,
            0.818185,
            1.125223,
            0.98816,
            1.160012,
            1.160012,
            0.686376,
            0.783441,
            1.026784,
            0.690001
        ],
        [
            0.835944,
            0.98816,
            1.125223,
            0.98816,
            1.160012,
            0.98816,
            0.686376,
            0.783441,
            1.021295,
            0.690001
        ],
        [
            0.677645,
            0.702844,
            1.160012,
            1.160012,
            0.98816,
            0.738413,
            1.160012,
            0.907655,
            1.014806,
            0.828053
        ],
        [
            0.680941,
            0.697936,
            1.160012,
            1.160012,
            0.951871,
            0.752224,
            1.160012,
            0.893732,
            1.032642,
            0.834882
        ],
        [
            0.680941,
            0.693031,
            1.160012,
            1.160012,
            0.978571,
            0.752224,
            1.160012,
            0.893732,
            1.032642,
            0.836234
        ],
        [
            1.160012,
            0.688126,
            1.160012,
            1.160012,
            1.005269,
            1.007922,
            1.104299,
            0.723711,
            1.160012,
            0.84854
        ],
        [
            1.160012,
            0.691609,
            1.160012,
            1.160012,
            1.039145,
            1.017288,
            1.120997,
            0.732985,
            1.160012,
            0.881576
        ]
    ],
    "snow_intcp": [
        0.038452,
        0.045197,
        0.044888,
        0.032698,
        0.038324,
        0.054205,
        0.045766,
        0.049413,
        0.033656,
        0.051189
    ],
    "snowinfil_max": [
        7.594406,
        7.594406,
        7.594406,
        7.594406,
        7.594406,
        7.594406,
        7.594406,
        7.594406,
        7.594406,
        7.594406
    ],
    "snowpack_init": [
        0.0,
        0.0,
        0.0,
        0.0,
        0.0,
        0.0,
        0.0,
        0.0,
        0.0,
        0.0
    ],
    "soil2gw_max": [
        0.295006,
        0.260869,
        0.280816,
        0.26195,
        0.260869,
        0.260869,
        0.260869,
        0.260869,
        0.287004,
        0.312626
    ],
    "soil_moist_init_frac": [
        0.0,
        0.0,
        0.0,
        0.0,
        0.0,
        0.0,
        0.0,
        0.0,
        0.0,
        0.0
    ],
    "soil_moist_max": [
        1.819872,
        0.744803,
        2.407202,
        3.278052,
        2.183439,
        0.829645,
        0.001,
        1.257429,
        0.001,
        2.014518
    ],
    "soil_rechr_init_frac": [
        0.0,
        0.0,
        0.0,
        0.0,
        0.0,
        0.0,
        0.0,
        0.0,
        0.0,
        0.0
    ],
    "soil_rechr_max_frac": [
        0.549722,
        0.504115,
        0.628252,
        0.690429,
        0.60597,
        0.630333,
        0.544655,
        0.530989,
        0.690429,
        0.569461
    ],
    "soil_type": [
        2,
        2,
        2,
        2,
        2,
        1,
        1,
        1,
        2,
        2
    ],
    "srain_intcp": [
        0.0459,
        0.038425,
        0.042412,
        0.031651,
        0.043106,
        0.037657,
        0.033704,
        0.03679,
        0.026597,
        0.037104
    ],
    "sro_to_dprst_imperv": [
        0.0,
        0.0,
        0.0,
        0.0,
        0.0,
        0.0,
        0.0,
        0.001689,
        0.0,
        0.0
    ],
    "sro_to_dprst_perv": [
        0.00057,
        0.0,
        0.0,
        0.0,
        0.0,
        0.0,
        0.011371,
        0.02516,
        0.047528,
        0.0
    ],
    "ss_tau": [
        6,
        6,
        6,
        6,
        6
    ],
    "ssr2gw_exp": [
        2.171765,
        2.171765,
        2.171765,
        2.171765,
        2.171765,
        2.171765,
        2.171765,
        2.171765,
        2.171765,
        2.171765
    ],
    "ssr2gw_rate": [
        0.655015,
        0.656242,
        0.654907,
        0.654827,
        0.65515,
        0.657822,
        0.654984,
        0.655269,
        0.655063,
        0.655343
    ],
    "ssstor_init_frac": [
        0.0,
        0.0,
        0.0,
        0.0,
        0.0,
        0.0,
        0.0,
        0.0,
        0.0,
        0.0
    ],
    "stream_tave_init": [
        0.0
    ],
    "temp_units": [
        0
    ],
    "tmax_allrain_offset": [
        [
            3.263724,
            3.311337,
            3.283722,
            3.213159,
            3.198731,
            3.254703,
            3.232621,
            3.246051,
            2.218632,
            2.2553
        ],
        [
            3.629584,
            3.629584,
            3.629584,
            3.629584,
            3.629584,
            3.629584,
            3.629584,
            3.629584,
            3.629584,
            3.629584
        ],
        [
            3.597903,
            3.465914,
            3.436786,
            3.563867,
            3.595895,
            3.489161,
            3.629584,
            3.629584,
            3.629584,
            3.629584
        ],
        [
            3.629584,
            3.629584,
            3.617144,
            3.611421,
            3.612281,
            3.629584,
            3.629584,
            3.629584,
            3.629584,
            3.629584
        ],
        [
            3.472963,
            3.569677,
            3.541842,
            3.416836,
            3.389664,
            3.561219,
            3.498513,
            3.345874,
            3.177259,
            3.216803
        ],
        [
            3.351003,
            3.569274,
            3.542242,
            3.283322,
            3.224692,
            3.525997,
            3.238104,
            2.820539,
            2.357962,
            2.395049
        ],
        [
            2.010473,
            2.016698,
            1.991525,
            1.968317,
            1.964808,
            3.629584,
            3.046437,
            1.711678,
            1.644274,
            1.679217
        ],
        [
            2.004517,
            2.010191,
            1.985028,
            1.962435,
            1.959066,
            1.942382,
            1.947442,
            2.018536,
            1.948824,
            1.984682
        ],
        [
            3.629584,
            3.629584,
            3.629584,
            3.584277,
            3.537466,
            3.629584,
            3.504407,
            3.229817,
            2.84331,
            2.881852
        ],
        [
            3.629584,
            3.629584,
            3.629584,
            3.629584,
            3.629584,
            3.629584,
            3.629584,
            3.629584,
            3.535096,
            3.575712
        ],
        [
            3.629584,
            3.629584,
            3.629584,
            3.629584,
            3.629584,
            3.629584,
            3.629584,
            3.629584,
            3.629584,
            3.629584
        ],
        [
            3.558932,
            3.272029,
            3.242289,
            3.540282,
            3.612433,
            3.258664,
            3.477553,
            3.629584,
            2.192098,
            2.228684
        ]
    ],
    "tmax_allsnow": [
        [
            30.897072,
            30.864616,
            30.797592,
            30.854515,
            30.912079,
            30.861931,
            30.859421,
            30.947998,
            30.960781,
            30.935749
        ],
        [
            31.043423,
            30.968979,
            30.901508,
            31.004848,
            31.073528,
            30.982067,
            31.028053,
            31.167656,
            31.228725,
            31.203533
        ],
        [
            31.304108,
            31.159489,
            31.091244,
            31.272175,
            31.359459,
            31.193703,
            31.322426,
            31.557743,
            31.705204,
            31.679718
        ],
        [
            31.395947,
            31.187733,
            31.119026,
            31.370197,
            31.474163,
            31.272072,
            31.498516,
            31.796864,
            32.047623,
            32.021927
        ],
        [
            31.963047,
            31.689919,
            31.619961,
            31.943073,
            32.064629,
            31.779308,
            32.081196,
            32.191319,
            32.191319,
            32.191319
        ],
        [
            32.191319,
            32.152542,
            32.081284,
            32.191319,
            32.191319,
            32.19062,
            32.191319,
            32.191319,
            32.191319,
            32.191319
        ],
        [
            32.191319,
            32.191319,
            32.191319,
            32.191319,
            32.191319,
            32.191319,
            32.191319,
            32.191319,
            32.191319,
            32.191319
        ],
        [
            32.191319,
            32.191319,
            32.191319,
            32.191319,
            32.191319,
            32.191319,
            32.191319,
            32.191319,
            32.191319,
            32.191319
        ],
        [
            32.191319,
            31.951111,
            31.880516,
            32.191319,
            32.191319,
            31.965893,
            32.191319,
            32.191319,
            32.191319,
            32.191319
        ],
        [
            31.455048,
            31.274319,
            31.20565,
            31.42651,
            31.52338,
            31.411308,
            31.702324,
            31.978409,
            32.191319,
            32.191319
        ],
        [
            31.084789,
            31.002975,
            30.93541,
            31.046898,
            31.11755,
            31.039871,
            31.142513,
            31.31337,
            31.458858,
            31.433525
        ],
        [
            30.910305,
            30.866524,
            30.799431,
            30.868847,
            30.929382,
            30.872089,
            30.88176,
            30.976551,
            30.998669,
            30.973618
        ]
    ],
    "tmax_cbh_adj": [
        [
            -1.147796,
            -2.044173,
            -2.044173,
            -2.044173,
            -2.044173,
            -1.067039,
            -1.681852,
            -2.044173,
            -2.044173,
            -2.044173
        ],
        [
            -2.044173,
            0.404517,
            -2.044173,
            -2.044173,
            -2.044173,
            -0.531419,
            -2.044173,
            -2.044173,
            -1.123933,
            -2.044173
        ],
        [
            -2.044173,
            0.34708,
            -2.044173,
            -2.044173,
            -2.044173,
            -0.568992,
            -2.044173,
            -2.044173,
            -1.124181,
            -2.044173
        ],
        [
            -2.044173,
            0.34708,
            -2.044173,
            -2.044173,
            -2.044173,
            -0.568992,
            -2.044173,
            -2.044173,
            -1.124181,
            -2.044173
        ],
        [
            -2.044173,
            -2.044173,
            -2.044173,
            -2.044173,
            -2.044173,
            -1.497951,
            0.300271,
            -1.430595,
            -2.044173,
            -2.044173
        ],
        [
            -2.044173,
            -2.044173,
            -2.044173,
            -2.044173,
            -2.044173,
            -1.448372,
            0.272017,
            -1.431221,
            -2.044173,
            -2.044173
        ],
        [
            -2.044173,
            -2.044173,
            -2.044173,
            -2.044173,
            -2.044173,
            -1.448372,
            0.272017,
            -1.431221,
            -2.044173,
            -2.044173
        ],
        [
            -1.758213,
            0.105541,
            -1.829668,
            -1.066293,
            -2.044173,
            -1.151647,
            -1.88988,
            -2.044173,
            -2.044173,
            -1.62516
        ],
        [
            -1.716065,
            -0.111607,
            -1.983795,
            -1.197638,
            -2.044173,
            -1.137486,
            -1.853786,
            -2.044173,
            -2.044173,
            -1.688905
        ],
        [
            -1.716065,
            -0.111607,
            -1.983795,
            -1.197638,
            -2.044173,
            -1.123326,
            -1.853786,
            -2.044173,
            -2.044173,
            -1.688905
        ],
        [
            -1.110016,
            -2.044173,
            -2.044173,
            -2.044173,
            -2.044173,
            -1.109165,
            -1.632751,
            -2.044173,
            -2.044173,
            -2.044173
        ],
        [
            -1.147796,
            -2.044173,
            -2.044173,
            -2.044173,
            -2.044173,
            -1.067039,
            -1.681852,
            -2.044173,
            -2.044173,
            -2.044173
        ]
    ],
    "tmax_index": [
        [
            50.0,
            50.0,
            50.0,
            50.0,
            50.0,
            50.0,
            50.0,
            50.0,
            50.0,
            50.0
        ],
        [
            50.0,
            50.0,
            50.0,
            50.0,
            50.0,
            50.0,
            50.0,
            50.0,
            50.0,
            50.0
        ],
        [
            50.0,
            50.0,
            50.0,
            50.0,
            50.0,
            50.0,
            50.0,
            50.0,
            50.0,
            50.0
        ],
        [
            50.0,
            50.0,
            50.0,
            50.0,
            50.0,
            50.0,
            50.0,
            50.0,
            50.0,
            50.0
        ],
        [
            50.0,
            50.0,
            50.0,
            50.0,
            50.0,
            50.0,
            50.0,
            50.0,
            50.0,
            50.0
        ],
        [
            50.0,
            50.0,
            50.0,
            50.0,
            50.0,
            50.0,
            50.0,
            50.0,
            50.0,
            50.0
        ],
        [
            50.0,
            50.0,
            50.0,
            50.0,
            50.0,
            50.0,
            50.0,
            50.0,
            50.0,
            50.0
        ],
        [
            50.0,
            50.0,
            50.0,
            50.0,
            50.0,
            50.0,
            50.0,
            50.0,
            50.0,
            50.0
        ],
        [
            50.0,
            50.0,
            50.0,
            50.0,
            50.0,
            50.0,
            50.0,
            50.0,
            50.0,
            50.0
        ],
        [
            50.0,
            50.0,
            50.0,
            50.0,
            50.0,
            50.0,
            50.0,
            50.0,
            50.0,
            50.0
        ],
        [
            50.0,
            50.0,
            50.0,
            50.0,
            50.0,
            50.0,
            50.0,
            50.0,
            50.0,
            50.0
        ],
        [
            50.0,
            50.0,
            50.0,
            50.0,
            50.0,
            50.0,
            50.0,
            50.0,
            50.0,
            50.0
        ]
    ],
    "tmin_cbh_adj": [
        [
            0.955928,
            -1.270073,
            -0.24035,
            -0.641018,
            1.2379,
            -1.818732,
            -1.711424,
            -1.085686,
            -0.228409,
            0.112052
        ],
        [
            0.418419,
            2.185481,
            -1.269332,
            -0.691972,
            -1.126266,
            -1.974443,
            -1.706768,
            -0.879143,
            -1.503895,
            0.840102
        ],
        [
            0.353491,
            1.999903,
            -1.146937,
            -0.782708,
            -0.9412,
            -1.949969,
            -1.655146,
            -0.707944,
            -1.486121,
            1.241446
        ],
        [
            0.353491,
            1.999903,
            -1.146937,
            -0.856034,
            -0.9412,
            -1.949969,
            -1.655146,
            -0.707944,
            -1.486121,
            1.401577
        ],
        [
            -1.324612,
            0.097438,
            -0.288515,
            -0.964179,
            0.767041,
            -1.452021,
            -0.945231,
            0.201426,
            2.476889,
            2.044131
        ],
        [
            -1.169695,
            -0.196815,
            -0.199324,
            -0.656745,
            0.959554,
            -1.406252,
            -0.879157,
            0.103736,
            2.424423,
            1.959676
        ],
        [
            -1.169695,
            -0.491066,
            -0.110134,
            -0.349311,
            0.959554,
            -1.406252,
            -0.879157,
            0.103736,
            2.424423,
            1.959676
        ],
        [
            -0.341397,
            -0.785318,
            -0.020943,
            -0.041877,
            2.308331,
            -0.666637,
            -0.388451,
            -1.59271,
            1.00366,
            -1.125821
        ],
        [
            -0.323771,
            -1.019391,
            -0.075279,
            -0.207622,
            1.973262,
            -0.718589,
            -0.57619,
            -1.52354,
            0.978776,
            -0.754274
        ],
        [
            -0.323771,
            -1.253466,
            -0.129617,
            -0.339441,
            1.877749,
            -0.718589,
            -0.57619,
            -1.454372,
            0.978776,
            -0.382728
        ],
        [
            1.04555,
            -1.48754,
            -0.183953,
            -0.53911,
            1.303124,
            -1.786897,
            -1.720733,
            -1.385201,
            -0.221995,
            -0.011181
        ],
        [
            0.955928,
            -1.270073,
            -0.24035,
            -0.590065,
            1.2379,
            -1.818732,
            -1.716079,
            -1.216516,
            -0.228409,
            0.112052
        ]
    ],
    "tosegment": [
        4,
        3,
        5,
        5,
        0
    ],
    "tosegment_nhm": [
        42953,
        42952,
        42954,
        42954,
        43490
    ],
    "transp_beg": [
        1,
        1,
        1,
        1,
        1,
        1,
        1,
        1,
        1,
        1
    ],
    "transp_end": [
        13,
        13,
        13,
        13,
        13,
        13,
        13,
        13,
        13,
        13
    ],
    "transp_tmax": [
        1.0,
        1.0,
        1.0,
        1.0,
        1.0,
        1.0,
        1.0,
        1.0,
        1.0,
        1.0
    ],
    "tstorm_mo": [
        [
            0,
            0,
            0,
            0,
            0,
            0,
            0,
            0,
            0,
            0
        ],
        [
            0,
            0,
            0,
            0,
            0,
            0,
            0,
            0,
            0,
            0
        ],
        [
            0,
            0,
            0,
            0,
            0,
            0,
            0,
            0,
            0,
            0
        ],
        [
            0,
            0,
            0,
            0,
            0,
            0,
            0,
            0,
            0,
            0
        ],
        [
            0,
            0,
            0,
            0,
            0,
            0,
            0,
            0,
            0,
            0
        ],
        [
            1,
            1,
            1,
            1,
            1,
            1,
            1,
            1,
            1,
            1
        ],
        [
            1,
            1,
            1,
            1,
            1,
            1,
            1,
            1,
            1,
            1
        ],
        [
            1,
            1,
            1,
            1,
            1,
            1,
            1,
            1,
            1,
            1
        ],
        [
            1,
            1,
            1,
            1,
            1,
            1,
            1,
            1,
            1,
            1
        ],
        [
            0,
            0,
            0,
            0,
            0,
            0,
            0,
            0,
            0,
            0
        ],
        [
            0,
            0,
            0,
            0,
            0,
            0,
            0,
            0,
            0,
            0
        ],
        [
            0,
            0,
            0,
            0,
            0,
            0,
            0,
            0,
            0,
            0
        ]
    ],
    "va_clos_exp": [
        0.001,
        0.001,
        0.001,
        0.001,
        0.001,
        0.001,
        0.001,
        0.001,
        0.001,
        0.001
    ],
    "va_open_exp": [
        0.001,
        0.001,
        0.001,
        0.001,
        0.001,
        0.001,
        0.001,
        0.001,
        0.001,
        0.001
    ],
    "vce": [
        14.135569,
        14.471448,
        1.388262,
        14.446733,
        0.458149
    ],
    "vcw": [
        13.340465,
        14.286913,
        6.557196,
        15.030145,
        0.735187
    ],
    "vdemn": [
        0.514439,
        0.560029,
        0.214493,
        0.516915,
        0.195406
    ],
    "vdemx": [
        0.514439,
        0.560029,
        0.214493,
        0.516915,
        0.195406
    ],
    "vdwmn": [
        0.528678,
        0.587789,
        0.337694,
        0.541241,
        0.183926
    ],
    "vdwmx": [
        0.528678,
        0.587789,
        0.337694,
        0.541241,
        0.183926
    ],
    "vhe": [
        14.135569,
        14.471448,
        1.388262,
        14.446733,
        0.458149
    ],
    "vhw": [
        13.340465,
        14.286913,
        6.557196,
        15.030145,
        0.735187
    ],
    "voe": [
        1.995,
        2.545,
        2.475,
        1.565,
        5.985
    ],
    "vow": [
        1.995,
        2.545,
        2.475,
        1.565,
        5.985
    ],
    "width_alpha": [
        3.99,
        5.09,
        4.95,
        3.13,
        11.97
    ],
    "width_m": [
        0.015,
        0.015,
        0.015,
        0.015,
        0.015
    ],
    "wrain_intcp": [
        0.033713,
        0.029449,
        0.035443,
        0.027465,
        0.029449,
        0.032856,
        0.028564,
        0.030534,
        0.022955,
        0.030259
    ],
    "x_coef": [
        0.2,
        0.2,
        0.2,
        0.2,
        0.2
    ],
    "hru_in_to_cf": [
        62364273.955170006,
        102455.51943,
        46393599.475080006,
        346646.18934,
        3298570.01562,
        99910684.5165,
        118801222.11110999,
        228032251.73915997,
        82481692.9398,
        29354523.720389996
    ]
}